{
  "version": "3.83.31444.0",
  "course_id": "65xyw16k6uR",
  "title": "Microsoft Word",
  "thumbnail": "story_content/thumbnail.jpg",
  "scenes": [
    {
      "title": "Untitled Scene"
    },
    {
      "title": "Unit 1"
    },
    {
      "title": "Unit 2"
    },
    {
      "title": "Unit 3"
    },
    {
      "title": "Unit 4"
    },
    {
      "title": "Unit 5"
    }
  ],
  "slides": [
    {
      "id": "6ZkU63EsVpJ",
      "title": "Microsoft Word",
      "scene_index": "1.1"
    },
    {
      "id": "6r1lYNQlcg3",
      "title": "Creating a new document",
      "scene_index": "2.1"
    },
    {
      "id": "68idV5v33a5",
      "title": "Untitled Slide",
      "scene_index": "3.1"
    },
    {
      "id": "5jTqnh1JH0m",
      "title": "Untitled Slide",
      "scene_index": "4.1"
    },
    {
      "id": "6p9yJx6dIl2",
      "title": "Untitled Slide",
      "scene_index": "5.1"
    },
    {
      "id": "640XvXK3sLT",
      "title": "Table of Contents",
      "scene_index": "6.1"
    }
  ],
  "player": {
    "name": "unified",
    "width": 980,
    "height": 658
  },
  "stage": {
    "width": 720,
    "height": 540
  }
}